title,subtitle,price,cta,link,hashtags,image_url
ğŸ  Logitech MX Master 3S Muis,"Beste ergonomische muis - stil scrollen, 70 dagen batterij","â‚¬74,90",Bekijk op Gifteez â†’,https://gifteez.nl/cadeaugidsen/cadeaus-voor-thuiswerkers?utm_source=pinterest&utm_medium=pin&utm_campaign=cadeaus-voor-thuiswerkers,#thuiswerken #homeoffice #ergonomisch #cadeautip #gifteez,https://m.media-amazon.com/images/I/61dYSaNVRaL._AC_SL1500_.jpg
ğŸ  Anker PowerConf S500 Speakerphone,Kristalheldere calls - perfect voor meetings,"â‚¬133,82",Bekijk op Gifteez â†’,https://gifteez.nl/cadeaugidsen/cadeaus-voor-thuiswerkers?utm_source=pinterest&utm_medium=pin&utm_campaign=cadeaus-voor-thuiswerkers,#thuiswerken #homeoffice #ergonomisch #cadeautip #gifteez,https://m.media-amazon.com/images/I/71ZdpRMtU9L._AC_SL1500_.jpg
ğŸ  UGREEN USB-C Hub 7-in-1,"Alle poorten die je nodig hebt - HDMI, USB-A, SD-kaart","â‚¬39,99",Bekijk op Gifteez â†’,https://gifteez.nl/cadeaugidsen/cadeaus-voor-thuiswerkers?utm_source=pinterest&utm_medium=pin&utm_campaign=cadeaus-voor-thuiswerkers,#thuiswerken #homeoffice #ergonomisch #cadeautip #gifteez,https://m.media-amazon.com/images/I/71SScqNUv2L._AC_SL1500_.jpg
ğŸ  Logitech K380 Bluetooth Toetsenbord,"Compact, stil en werkt met 3 apparaten tegelijk","â‚¬43,43",Bekijk op Gifteez â†’,https://gifteez.nl/cadeaugidsen/cadeaus-voor-thuiswerkers?utm_source=pinterest&utm_medium=pin&utm_campaign=cadeaus-voor-thuiswerkers,#thuiswerken #homeoffice #ergonomisch #cadeautip #gifteez,https://m.media-amazon.com/images/I/61+WA7Sqj0L._AC_SL1500_.jpg
ğŸ  BenQ ScreenBar Monitor Lamp,Geen reflectie op scherm - automatische helderheid,"â‚¬84,15",Bekijk op Gifteez â†’,https://gifteez.nl/cadeaugidsen/cadeaus-voor-thuiswerkers?utm_source=pinterest&utm_medium=pin&utm_campaign=cadeaus-voor-thuiswerkers,#thuiswerken #homeoffice #ergonomisch #cadeautip #gifteez,https://m.media-amazon.com/images/I/41nI6sm+OKS._AC_SL1000_.jpg
ğŸ  Fellowes Ergonomische Polssteun,Memory foam voor dagelijks comfort - voorkomt RSI,"â‚¬18,90",Bekijk op Gifteez â†’,https://gifteez.nl/cadeaugidsen/cadeaus-voor-thuiswerkers?utm_source=pinterest&utm_medium=pin&utm_campaign=cadeaus-voor-thuiswerkers,#thuiswerken #homeoffice #ergonomisch #cadeautip #gifteez,https://m.media-amazon.com/images/I/412GbpkKEPL._AC_SL1098_.jpg
ğŸ  HUANUO Monitorstandaard met Lade,Verhoogt scherm naar ooghoogte - extra opbergruimte,"â‚¬29,99",Bekijk op Gifteez â†’,https://gifteez.nl/cadeaugidsen/cadeaus-voor-thuiswerkers?utm_source=pinterest&utm_medium=pin&utm_campaign=cadeaus-voor-thuiswerkers,#thuiswerken #homeoffice #ergonomisch #cadeautip #gifteez,https://m.media-amazon.com/images/I/91NugVb3NfL._AC_SL1500_.jpg
ğŸ  Ergonomische Voetsteun Verstelbaar,Verbetert houding - 6 hoogtes instelbaar,"â‚¬31,90",Bekijk op Gifteez â†’,https://gifteez.nl/cadeaugidsen/cadeaus-voor-thuiswerkers?utm_source=pinterest&utm_medium=pin&utm_campaign=cadeaus-voor-thuiswerkers,#thuiswerken #homeoffice #ergonomisch #cadeautip #gifteez,https://m.media-amazon.com/images/I/81xJ81auGqL._AC_SL1500_.jpg
ğŸ  Ember Mok 2 - Temperatuurregeling,Houdt koffie/thee op perfecte temperatuur - premium cadeau,"â‚¬169,95",Bekijk op Gifteez â†’,https://gifteez.nl/cadeaugidsen/cadeaus-voor-thuiswerkers?utm_source=pinterest&utm_medium=pin&utm_campaign=cadeaus-voor-thuiswerkers,#thuiswerken #homeoffice #ergonomisch #cadeautip #gifteez,https://m.media-amazon.com/images/I/510x62PHoEL._AC_SL1500_.jpg
ğŸ  Kunstplant Set voor Bureau,Groen op je bureau zonder onderhoud,"â‚¬16,14",Bekijk op Gifteez â†’,https://gifteez.nl/cadeaugidsen/cadeaus-voor-thuiswerkers?utm_source=pinterest&utm_medium=pin&utm_campaign=cadeaus-voor-thuiswerkers,#thuiswerken #homeoffice #ergonomisch #cadeautip #gifteez,https://m.media-amazon.com/images/I/616YtT8HA7L._AC_SL1000_.jpg
20 Slimme Cadeaus voor thuiswerkers,Complete gids 2025 - Van budget tot premium,,Bekijk de gids â†’,https://gifteez.nl/cadeaugidsen/cadeaus-voor-thuiswerkers?utm_source=pinterest&utm_medium=pin&utm_campaign=cadeaus-voor-thuiswerkers-gids,#thuiswerken #homeoffice #ergonomisch #cadeautip #gifteez,
Op zoek naar het perfecte cadeau?,Voor thuiswerkers?,,Ontdek 20+ ideeÃ«n â†’,https://gifteez.nl/cadeaugidsen/cadeaus-voor-thuiswerkers?utm_source=pinterest&utm_medium=pin&utm_campaign=cadeaus-voor-thuiswerkers-question,#thuiswerken #homeoffice #ergonomisch #cadeautip #gifteez,
De Productiviteit-Freak,"Wil alles optimaliseren: tweede scherm, snelle muis, goede koptelefoon. Zoekt gadgets die werk efficiÃ«nter maken.",,Bekijk aanbevelingen â†’,https://gifteez.nl/cadeaugidsen/cadeaus-voor-thuiswerkers?utm_source=pinterest&utm_medium=pin&utm_campaign=cadeaus-voor-thuiswerkers-productiviteit-freak,#thuiswerken #homeoffice #ergonomisch #cadeautip #gifteez,
De Comfort-Zoeker,"Ergonomie is alles: goede stoel, polssteun, bureaulamp. Wil de hele dag comfortabel werken zonder rugpijn.",,Bekijk aanbevelingen â†’,https://gifteez.nl/cadeaugidsen/cadeaus-voor-thuiswerkers?utm_source=pinterest&utm_medium=pin&utm_campaign=cadeaus-voor-thuiswerkers-comfort-zoeker,#thuiswerken #homeoffice #ergonomisch #cadeautip #gifteez,
De Sfeer-Creator,"Een mooie werkplek = betere focus. Zoekt planten, kaarsen, mooie mokken en decoratie voor de thuiswerkplek.",,Bekijk aanbevelingen â†’,https://gifteez.nl/cadeaugidsen/cadeaus-voor-thuiswerkers?utm_source=pinterest&utm_medium=pin&utm_campaign=cadeaus-voor-thuiswerkers-sfeer-creator,#thuiswerken #homeoffice #ergonomisch #cadeautip #gifteez,